design,f3db_thz,pass_avg_s21_db,pass_ripple_db,pass_avg_s11_db,stop_avg_s21_db,stop_max_s21_db,stop_coverage_below_10_db,stop_coverage_below_20_db,recovery_peak_db,monotonic_violation_db,stop_reflected_power_avg,stop_loss_power_avg,score,fabrication_valid,floating_allowed,stub_count,note
Straight CPS,2.0,-0.13357757229769715,0.12061516194493535,-298.39349848121583,-0.2653816389972882,-0.22155939064163177,0.0,0.0,-0.22155939064163177,0.0,1.293638088968122e-30,0.05926227584420232,-57.569467353441226,True,False,0,B0 baseline with no outer loading
Traditional stepped/Bessel CPS,0.8717618631261742,-0.23498891815313608,0.31066006673178526,-20.27237037812001,-12.103018244722987,-0.40720382504537567,0.5135135135135135,0.16216216216216217,-0.40720382504537567,50.51610755806617,0.6004604404720757,0.10107836599232302,-26.69790501711949,True,False,5,B1 hand-synthesized stepped-impedance/Bessel-like analog baseline
7-stub seed,0.7982213508042478,-0.21958875355735863,0.35166244564847504,-21.087648691543755,-6.587431399338118,-0.3420393592877333,0.24324324324324326,0.12612612612612611,-0.3420393592877333,55.38563258719445,0.3873113171620525,0.09790925623639384,-26.824327215574122,True,False,7,Initial chirped-stub seed
11-stub sweep best,0.7861282046245072,-0.3183993677355843,0.8668369584846739,-17.834232608563823,-12.684107982080455,-1.3143079263223634,0.4774774774774775,0.3063063063063063,-1.3143079263223634,98.1004337088444,0.6395205573977698,0.14099794388575365,-43.29778119942261,True,False,11,Best seed-family sweep candidate
Hybrid stub-island grammar v0,0.7729830664754777,-0.2574827004849956,0.5832084868378784,-18.915633396081926,-7.571937396737665,-0.33332105577726284,0.2702702702702703,0.1981981981981982,-0.33332105577726284,67.0853978061283,0.29909448632473684,0.10755686647204439,-32.3487269818946,True,True,11,Adds floating capacitive islands between chirped stubs
